{"7003157135": {"status": "trial", "started": 1764372815.8079052, "expires": 1764977615.8079052}}