{"7003157135": {"status": "trial", "started": 1764374147.1080387, "expires": 1764978947.1080387}}